{"1": 73.10047841072083, "2": 84.9960207939148, "3": 102.10746383666992, "4": 122.7038209438324}