{"0.25": 58.664562940597534, "0.5": 78.9848244190216, "0.75": 106.22125625610352, "1.0": 128.28252053260803}