{"1": 395.99892234802246, "2": 137.8649353981018, "3": 125.19920539855957, "4": 123.6432363986969}